code,province,cityEn,cityZh
1000,Beijing,Beijing,北京
1121,Tianjin,Tianjin,天津
1210,Hebei,Shijiazhuang,石家庄
1240,Hebei,Tangshan,唐山
1260,Hebei,Qinhuangdao,秦皇岛
1270,Hebei,Handan,邯郸
1310,Hebei,Xingtai,邢台
1340,Hebei,Baoding,保定
1380,Hebei,Zhangjiakou,张家口
1410,Hebei,Chengde,承德
1430,Hebei,Cangzhou,沧州
1460,Hebei,Langfang,廊坊
1480,Hebei,Hengshui,衡水
1610,Shanxi,Taiyuan,太原
1620,Shanxi,Datong,大同
1650,Shanxi,Yangquan,阳泉
1660,Shanxi,Changzhi,长治
1680,Shanxi,Jincheng,晋城
1690,Shanxi,Shuozhou,朔州
1710,Shanxi,Xinzhou,忻州
1730,Shanxi,Lvliang,吕梁
1750,Shanxi,Jinzhong,晋中
1770,Shanxi,Linfen,临汾
1810,Shanxi,Yuncheng,运城
1910,Inner Mongolia,Hohhot,呼和浩特
1920,Inner Mongolia,Baotou,包头
1930,Inner Mongolia,Wuhai,乌海
1940,Inner Mongolia,Chifeng,赤峰
1960,Inner Mongolia,Hulunbuir,呼伦贝尔
1980,Inner Mongolia,Hinggan,兴安盟
1990,Inner Mongolia,Tongliao,通辽
2000,Shanghai,Shanghai,上海
2010,Inner Mongolia,Xilingol,锡林郭勒盟
2030,Inner Mongolia,Ulanqab,乌兰察布
2050,Inner Mongolia,Ordos,鄂尔多斯
2070,Inner Mongolia,Bayannur,巴彦淖尔
2080,Inner Mongolia,Alxa,阿拉善盟
2210,Liaoning,Shenyang,沈阳
2220,Liaoning,Dalian,大连
2230,Liaoning,Anshan,鞍山
2240,Liaoning,Fushun,抚顺
2250,Liaoning,Benxi,本溪
2260,Liaoning,Dandong,丹东
2270,Liaoning,Jinzhou,锦州
2280,Liaoning,Yingkou,营口
2290,Liaoning,Fuxin,阜新
2310,Liaoning,Liaoyang,辽阳
2320,Liaoning,Panjin,盘锦
2330,Liaoning,Tieling,铁岭
2340,Liaoning,Zhaoyang,朝阳
2360,Liaoning,Huludao,葫芦岛
2410,Jilin,Changchun,长春
2420,Jilin,Jilin,吉林
2430,Jilin,Siping,四平
2440,Jilin,Liaoyuan,辽源
2450,Jilin,Tonghua,通化
2460,Jilin,Baishan,白山
2470,Jilin,Baicheng,白城
2490,Jilin,Yanbian,延边州
2510,Jilin,Songyuan,松原
2610,Heilongjiang,Harbin,哈尔滨
2640,Heilongjiang,Qiqihar,齐齐哈尔
2660,Heilongjiang,Jixi,鸡西
2670,Heilongjiang,Hegang,鹤岗
2680,Heilongjiang,Shuangyashan,双鸭山
2690,Heilongjiang,Daqing,大庆
2710,Heilongjiang,Yichun,伊春
2720,Heilongjiang,Jiamusi,佳木斯
2740,Heilongjiang,Qitaihe,七台河
2750,Heilongjiang,Mudanjiang,牡丹江
2760,Heilongjiang,Suihua,绥化
2780,Heilongjiang,Heihe,黑河
2790,Heilongjiang,Daxing'anling,大兴安岭地区
2900,Shanghai,Shanghai,上海
3010,Jiangsu,Nanjing,南京
3020,Jiangsu,Wuxi,无锡
3030,Jiangsu,Xuzhou,徐州
3040,Jiangsu,Changzhou,常州
3050,Jiangsu,Suzhou,苏州
3060,Jiangsu,Nantong,南通
3070,Jiangsu,Lianyungang,连云港
3080,Jiangsu,Huai'an,淮安
3100,Zhejiang,Hangzhou,杭州
3110,Jiangsu,Yancheng,盐城
3120,Zhejiang,Shaoxing,绍兴
3140,Zhejiang,Jiaxing,嘉兴
3160,Jiangsu,Taizhou,泰州
3180,Jiangsu,Suqian,宿迁
3310,Zhejiang,Hangzhou,杭州
3320,Zhejiang,Ningbo,宁波
3330,Zhejiang,Wenzhou,温州
3350,Zhejiang,Jiaxing,嘉兴
3360,Zhejiang,Huzhou,湖州
3370,Zhejiang,Shaoxing,绍兴
3380,Zhejiang,Jinhua,金华
3410,Zhejiang,Quzhou,衢州
3420,Zhejiang,Zhoushan,舟山
3430,Zhejiang,Lishui,丽水
3450,Zhejiang,Taizhou,台州
3610,Anhui,Hefei,合肥
3620,Anhui,Wuhu,芜湖
3630,Anhui,Bengbu,蚌埠
3640,Anhui,Huainan,淮南
3650,Anhui,Maanshan,马鞍山
3660,Anhui,Huaibei,淮北
3670,Anhui,Tongling,铜陵
3680,Anhui,Anqing,安庆
3710,Anhui,Huangshan,黄山
3720,Anhui,Fuyang,阜阳
3740,Anhui,Suzhou,宿州
3750,Anhui,Chuzhou,滁州
3760,Anhui,Lu'an,六安
3770,Anhui,Xuancheng,宣城
3790,Anhui,Chizhou,池州
3810,Anhui,Bozhou,亳州
3910,Fujian,Fuzhou,福州
3930,Fujian,Xiamen,厦门
3940,Fujian,Putian,莆田
3950,Fujian,Sanming,三明
3970,Fujian,Quanzhou,泉州
3990,Fujian,Zhangzhou,漳州
4010,Fujian,Nanping,南平
4030,Fujian,Ningde,宁德
4050,Fujian,Longyan,龙岩
4210,Jiangxi,Nanchang,南昌
4220,Jiangxi,Jingdezhen,景德镇
4230,Jiangxi,Pingxiang,萍乡
4240,Jiangxi,Jiujiang,九江
4260,Jiangxi,Xinyu,新余
4270,Jiangxi,Yingtan,鹰潭
4280,Jiangxi,Ganzhou,赣州
4310,Jiangxi,Yichun,宜春
4330,Jiangxi,Shangrao,上饶
4350,Jiangxi,Ji'an,吉安
4370,Jiangxi,Fuzhou,抚州
4510,Shandong,Jinan,济南
4520,Shandong,Qingdao,青岛
4530,Shandong,Zibo,淄博
4540,Shandong,Zaozhuang,枣庄
4550,Shandong,Dongying,东营
4560,Shandong,Yantai,烟台
4580,Shandong,Weifang,潍坊
4610,Shandong,Jining,济宁
4630,Shandong,Tai'an,泰安
4650,Shandong,Weihai,威海
4660,Shandong,Binzhou,滨州
4680,Shandong,Dezhou,德州
4710,Shandong,Liaocheng,聊城
4730,Shandong,Linyi,临沂
4750,Shandong,Heze,菏泽
4770,Shandong,Rizhao,日照
4910,Henan,Zhengzhou,郑州
4920,Henan,Kaifeng,开封
4930,Henan,Luoyang,洛阳
4950,Henan,Pingdingshan,平顶山
4960,Henan,Anyang,安阳
4970,Henan,Hebi,鹤壁
4980,Henan,Xinxiang,新乡
5010,Henan,Jiaozuo,焦作
5020,Henan,Puyang,濮阳
5030,Henan,Xuchang,许昌
5040,Henan,Luohe,漯河
5050,Henan,Sanmenxia,三门峡
5060,Henan,Shangqiu,商丘
5080,Henan,Zhoukou,周口
5110,Henan,Zhumadian,驻马店
5130,Henan,Nanyang,南阳
5150,Henan,Xinyang,信阳
5180,Guangdong,Shenzhen,深圳
5210,Hubei,Wuhan,武汉
5220,Hubei,Huangshi,黄石
5230,Hubei,Shiyan,十堰
5250,Hubei,Yichang,宜昌
5270,Hubei,Suizhou,随州
5280,Hubei,Xiangyang,襄阳
5310,Hubei,Ezhou,鄂州
5320,Hubei,Jingmen,荆门
5330,Hubei,Huanggang,黄冈
5350,Hubei,Xiaogan,孝感
5360,Hubei,Xianning,咸宁
5370,Hubei,Jingzhou,荆州
5410,Hubei,Enshi,恩施州
5510,Hunan,Changsha,长沙
5520,Hunan,Zhuzhou,株洲
5530,Hunan,Xiangtan,湘潭
5540,Hunan,Hengyang,衡阳
5550,Hunan,Shaoyang,邵阳
5570,Hunan,Yueyang,岳阳
5580,Hunan,Changde,常德
5590,Hunan,Zhangjiajie,张家界
5610,Hunan,Yiyang,益阳
5620,Hunan,Loudi,娄底
5630,Hunan,Chenzhou,郴州
5650,Hunan,Yongzhou,永州
5670,Hunan,Huaihua,怀化
5690,Hunan,Xiangxi,湘西州
5810,Guangdong,Guangzhou,广州
5820,Guangdong,Shaoguan,韶关
5840,Guangdong,Shenzhen,深圳
5850,Guangdong,Zhuhai,珠海
5860,Guangdong,Shantou,汕头
5880,Guangdong,Foshan,佛山
5890,Guangdong,Jiangmen,江门
5910,Guangdong,Zhanjiang,湛江
5920,Guangdong,Maoming,茂名
5930,Guangdong,Zhaoqing,肇庆
5950,Guangdong,Huizhou,惠州
5960,Guangdong,Meizhou,梅州
5970,Guangdong,Shanwei,汕尾
5980,Guangdong,Heyuan,河源
5990,Guangdong,Yangjiang,阳江
6010,Guangdong,Qingyuan,清远
6020,Guangdong,Dongguan,东莞
6030,Guangdong,Zhongshan,中山
6040,Guangdong,Chaozhou,潮州
6050,Guangdong,Jieyang,揭阳
6060,Guangdong,Yunfu,云浮
6110,Guangxi,Nanning,南宁
6140,Guangxi,Liuzhou,柳州
6170,Guangxi,Guilin,桂林
6210,Guangxi,Wuzhou,梧州
6230,Guangxi,Beihai,北海
6240,Guangxi,Yulin,玉林
6260,Guangxi,Baise,百色
6280,Guangxi,Hechi,河池
6310,Guangxi,Qinzhou,钦州
6320,Guangxi,Fangchenggang,防城港
6330,Guangxi,Guigang,贵港
6340,Guangxi,Hezhou,贺州
6350,Guangxi,Laibin,来宾
6360,Guangxi,Chongzuo,崇左
6410,Hainan,Haikou,海口
6420,Hainan,Sanya,三亚
6431,Hainan,Danzhou,儋州
6440,Hainan,Sansha,三沙
6510,Sichuan,Chengdu,成都
6550,Sichuan,Zigong,自贡
6560,Sichuan,Panzhihua,攀枝花
6570,Sichuan,Luzhou,泸州
6580,Sichuan,Deyang,德阳
6590,Sichuan,Mianyang,绵阳
6610,Sichuan,Guangyuan,广元
6620,Sichuan,Suining,遂宁
6630,Sichuan,Neijiang,内江
6650,Sichuan,Leshan,乐山
6670,Sichuan,Meishan,眉山
6690,Sichuan,Guang'an,广安
6710,Sichuan,Yibin,宜宾
6730,Sichuan,Nanchong,南充
6750,Sichuan,Dazhou,达州
6770,Sichuan,Ya'an,雅安
6790,Sichuan,Aba,阿坝州
6810,Sichuan,Kangding,康定
6840,Sichuan,Xichang,西昌
6870,Sichuan,Bazhong,巴中
6880,Sichuan,Ziyang,资阳
6900,Chongqing,Chongqing,重庆
7010,Guizhou,Guiyang,贵阳
7020,Guizhou,Liupanshui,六盘水
7030,Guizhou,Zunyi,遵义
7050,Guizhou,Tongren,铜仁
7070,Guizhou,Xingyi,兴义
7090,Guizhou,Bijie,毕节
7110,Guizhou,Anshun,安顺
7130,Guizhou,Kaili,凯里
7150,Guizhou,Duyun,都匀
7310,Yunnan,Kunming,昆明
7340,Yunnan,Zhaotong,昭通
7360,Yunnan,Qujing,曲靖
7380,Yunnan,Chuxiong,楚雄州
7410,Yunnan,Yuxi,玉溪
7430,Yunnan,Honghe,红河州
7450,Yunnan,Wenshan,文山州
7470,Yunnan,Pu'er,普洱
7490,Yunnan,Xishuangbanna,西双版纳州
7510,Yunnan,Dali,大理州
7530,Yunnan,Baoshan,保山
7540,Yunnan,Dehong,德宏州
7550,Yunnan,Lijiang,丽江
7560,Yunnan,Nujiang,怒江州
7570,Yunnan,Diqing,迪庆州
7580,Yunnan,Lincang,临沧
7710,Tibet,Lhasa,拉萨
7720,Tibet,Chamdo,昌都
7740,Tibet,Shannan,山南
7760,Tibet,Shigatse,日喀则
7790,Tibet,Nagqu,那曲
7810,Tibet,Ngari,阿里地区
7830,Tibet,Nyingchi,林芝
7835,Guangdong,Zhuhai,珠海
7910,Shaanxi,Xi'an,西安
7920,Shaanxi,Tongchuan,铜川
7930,Shaanxi,Baoji,宝鸡
7950,Shaanxi,Xianyang,咸阳
7970,Shaanxi,Weinan,渭南
7990,Shaanxi,Hanzhong,汉中
8010,Shaanxi,Ankang,安康
8030,Shaanxi,Shangluo,商洛
8040,Shaanxi,Yan'an,延安
8060,Shaanxi,Yulin,榆林
8210,Gansu,Lanzhou,兰州
8220,Gansu,Jiayuguan,嘉峪关
8230,Gansu,Jinchang,金昌
8240,Gansu,Baiyin,白银
8250,Gansu,Tianshui,天水
8260,Gansu,Jiuquan,酒泉
8270,Gansu,Zhangye,张掖
8280,Gansu,Wuwei,武威
8290,Gansu,Dingxi,定西
8310,Gansu,Longnan,陇南
8330,Gansu,Pingliang,平凉
8340,Gansu,Qingyang,庆阳
8360,Gansu,Linxia,临夏州
8380,Gansu,Gannan,甘南州
8510,Qinghai,Xining,西宁
8520,Qinghai,Haidong,海东
8540,Qinghai,Haibei,海北州
8550,Qinghai,Huangnan,黄南州
8560,Qinghai,Hainan,海南州
8570,Qinghai,Golog,果洛州
8580,Qinghai,Yushu,玉树州
8590,Qinghai,Haixi,海西州
8710,Ningxia,Yinchuan,银川
8720,Ningxia,Shizuishan,石嘴山
8730,Ningxia,Wuzhong,吴忠
8740,Ningxia,Guyuan,固原
8750,Ningxia,Zhongwei,中卫
8810,Xinjiang,Urumqi,乌鲁木齐
8820,Xinjiang,Karamay,克拉玛依
8830,Xinjiang,Turpan,吐鲁番
8840,Xinjiang,Hami,哈密
8850,Xinjiang,Changji,昌吉州
8870,Xinjiang,Bortala,博尔塔拉州
8880,Xinjiang,Bayingolin,巴音郭楞州
8910,Xinjiang,Aksu,阿克苏地区
8930,Xinjiang,Kizilsu,克孜勒苏州
8940,Xinjiang,Kashgar,喀什地区
8960,Xinjiang,Hotan,和田地区
8980,Xinjiang,Ili,伊犁州
9010,Xinjiang,Tacheng,塔城地区
9020,Xinjiang,Altay,阿勒泰地区
